{"formDatas": [
    {
      "sid": null,
      "tenantId": null,
      "orgId": null,
      "userId": null,
      "created": null,
      "createdBy": null,
      "lastUpdated": null,
      "lastUpdatedBy": null,
      "reportId": null,
      "indicatorId": null,
      "seqId": null,
      "jgid": null,
      "bblx": null,
      "bbqs": null,
      "dm": "指标编码311",
      "qmsy": null,
      "bqdj": null,
      "bqzx": null,
      "bqdx": null,
      "ids": null,
      "keywords": null,
      "期末实有":123,
      "本期登记":356,
      "本期注销":13,
      "本期吊销":143
    },
    {
      "sid": null,
      "tenantId": null,
      "orgId": null,
      "userId": null,
      "created": null,
      "createdBy": null,
      "lastUpdated": null,
      "lastUpdatedBy": null,
      "reportId": null,
      "indicatorId": null,
      "seqId": null,
      "jgid": null,
      "bblx": null,
      "bbqs": null,
      "dm": "指标编码3",
      "qmsy": null,
      "bqdj": null,
      "bqzx": null,
      "bqdx": null,
      "ids": null,
      "keywords": null,
      "期末实有":123,
      "本期登记":356,
      "本期注销":13,
      "本期吊销":143
    },
    {
      "sid": null,
      "tenantId": null,
      "orgId": null,
      "userId": null,
      "created": null,
      "createdBy": null,
      "lastUpdated": null,
      "lastUpdatedBy": null,
      "reportId": null,
      "indicatorId": null,
      "seqId": null,
      "jgid": null,
      "bblx": null,
      "bbqs": null,
      "dm": "指标编码3",
      "qmsy": null,
      "bqdj": null,
      "bqzx": null,
      "bqdx": null,
      "ids": null,
      "keywords": null,
      "期末实有":123,
      "本期登记":356,
      "本期注销":13,
      "本期吊销":143
    },
    {
      "sid": null,
      "tenantId": null,
      "orgId": null,
      "userId": null,
      "created": null,
      "createdBy": null,
      "lastUpdated": null,
      "lastUpdatedBy": null,
      "reportId": null,
      "indicatorId": null,
      "seqId": null,
      "jgid": null,
      "bblx": null,
      "bbqs": null,
      "dm": "指标编码3",
      "qmsy": null,
      "bqdj": null,
      "bqzx": null,
      "bqdx": null,
      "ids": null,
      "keywords": null,
      "期末实有":123,
      "本期登记":356,
      "本期注销":13,
      "本期吊销":143
    }
  ]}